<?xml version="1.0" encoding="UTF-8"?>
<rss version="2.0" xmlns:ror="http://rorweb.com/0.1/" >
<channel>
  <title>ROR Sitemap for http://sfund.vn/</title>
  <link>http://sfund.vn/</link>

<item>
     <link>http://sfund.vn/</link>
     <title>S-Fund | Tài chính thông minh</title>
     <description>rút thẻ tiền mặt, rut the tien mat, rút tiền thẻ tín dụng, rut tien the tin dung, Cho vay cầm cố/thế chấp tài sản online, rút tiền mặt từ thể tín dụng ngân hàng, Tư vấn sử dụng thẻ tín dụng linh hoạt, Tư vấn, môi giới kinh doanh Bất động sản, Tư vấn vay vốn ngân hàng....</description>
     <ror:updatePeriod>monthly</ror:updatePeriod>
     <ror:sortOrder>0</ror:sortOrder>
     <ror:resourceOf>sitemap</ror:resourceOf>
</item>
<item>
     <link>http://sfund.vn/index.html</link>
     <title>S-Fund | Tài chính thông minh</title>
     <description>rút thẻ tiền mặt, rut the tien mat, rút tiền thẻ tín dụng, rut tien the tin dung, Cho vay cầm cố/thế chấp tài sản online, rút tiền mặt từ thể tín dụng ngân hàng, Tư vấn sử dụng thẻ tín dụng linh hoạt, Tư vấn, môi giới kinh doanh Bất động sản, Tư vấn vay vốn ngân hàng....</description>
     <ror:updatePeriod>monthly</ror:updatePeriod>
     <ror:sortOrder>1</ror:sortOrder>
     <ror:resourceOf>sitemap</ror:resourceOf>
</item>
<item>
     <link>http://sfund.vn/vay-tien.html</link>
     <title>S-Fund | Tài chính thông minh</title>
     <description>rút thẻ tiền mặt, rut the tien mat, rút tiền thẻ tín dụng, rut tien the tin dung, Cho vay cầm cố/thế chấp tài sản online, rút tiền mặt từ thể tín dụng ngân hàng, Tư vấn sử dụng thẻ tín dụng linh hoạt, Tư vấn, môi giới kinh doanh Bất động sản, Tư vấn vay vốn ngân hàng....</description>
     <ror:updatePeriod>monthly</ror:updatePeriod>
     <ror:sortOrder>1</ror:sortOrder>
     <ror:resourceOf>sitemap</ror:resourceOf>
</item>
<item>
     <link>http://sfund.vn/danh-muc-list/gioi-thieu-17.html</link>
     <title>S-Fund | Tài chính thông minh</title>
     <description>rút thẻ tiền mặt, rut the tien mat, rút tiền thẻ tín dụng, rut tien the tin dung, Cho vay cầm cố/thế chấp tài sản online, rút tiền mặt từ thể tín dụng ngân hàng, Tư vấn sử dụng thẻ tín dụng linh hoạt, Tư vấn, môi giới kinh doanh Bất động sản, Tư vấn vay vốn ngân hàng....</description>
     <ror:updatePeriod>monthly</ror:updatePeriod>
     <ror:sortOrder>1</ror:sortOrder>
     <ror:resourceOf>sitemap</ror:resourceOf>
</item>
<item>
     <link>http://sfund.vn/danh-muc-list/bao-quan-tai-san-15.html</link>
     <title>S-Fund | Tài chính thông minh</title>
     <description>rút thẻ tiền mặt, rut the tien mat, rút tiền thẻ tín dụng, rut tien the tin dung, Cho vay cầm cố/thế chấp tài sản online, rút tiền mặt từ thể tín dụng ngân hàng, Tư vấn sử dụng thẻ tín dụng linh hoạt, Tư vấn, môi giới kinh doanh Bất động sản, Tư vấn vay vốn ngân hàng....</description>
     <ror:updatePeriod>monthly</ror:updatePeriod>
     <ror:sortOrder>1</ror:sortOrder>
     <ror:resourceOf>sitemap</ror:resourceOf>
</item>
<item>
     <link>http://sfund.vn/danh-muc-list/ban-do-cu-16.html</link>
     <title>S-Fund | Tài chính thông minh</title>
     <description>rút thẻ tiền mặt, rut the tien mat, rút tiền thẻ tín dụng, rut tien the tin dung, Cho vay cầm cố/thế chấp tài sản online, rút tiền mặt từ thể tín dụng ngân hàng, Tư vấn sử dụng thẻ tín dụng linh hoạt, Tư vấn, môi giới kinh doanh Bất động sản, Tư vấn vay vốn ngân hàng....</description>
     <ror:updatePeriod>monthly</ror:updatePeriod>
     <ror:sortOrder>1</ror:sortOrder>
     <ror:resourceOf>sitemap</ror:resourceOf>
</item>
<item>
     <link>http://sfund.vn/tin-tuc.html</link>
     <title>S-Fund | Tài chính thông minh</title>
     <description>rút thẻ tiền mặt, rut the tien mat, rút tiền thẻ tín dụng, rut tien the tin dung, Cho vay cầm cố/thế chấp tài sản online, rút tiền mặt từ thể tín dụng ngân hàng, Tư vấn sử dụng thẻ tín dụng linh hoạt, Tư vấn, môi giới kinh doanh Bất động sản, Tư vấn vay vốn ngân hàng....</description>
     <ror:updatePeriod>monthly</ror:updatePeriod>
     <ror:sortOrder>1</ror:sortOrder>
     <ror:resourceOf>sitemap</ror:resourceOf>
</item>
<item>
     <link>http://sfund.vn/lien-he.html</link>
     <title>S-Fund | Tài chính thông minh</title>
     <description>rút thẻ tiền mặt, rut the tien mat, rút tiền thẻ tín dụng, rut tien the tin dung, Cho vay cầm cố/thế chấp tài sản online, rút tiền mặt từ thể tín dụng ngân hàng, Tư vấn sử dụng thẻ tín dụng linh hoạt, Tư vấn, môi giới kinh doanh Bất động sản, Tư vấn vay vốn ngân hàng....</description>
     <ror:updatePeriod>monthly</ror:updatePeriod>
     <ror:sortOrder>1</ror:sortOrder>
     <ror:resourceOf>sitemap</ror:resourceOf>
</item>
<item>
     <link>http://sfund.vn/chi-tiet/cho-vay-cam-do-the-chap-tai-san-1.html</link>
     <title>S-Fund | Tài chính thông minh</title>
     <description>rút thẻ tiền mặt, rut the tien mat, rút tiền thẻ tín dụng, rut tien the tin dung, Cho vay cầm cố/thế chấp tài sản online, rút tiền mặt từ thể tín dụng ngân hàng, Tư vấn sử dụng thẻ tín dụng linh hoạt, Tư vấn, môi giới kinh doanh Bất động sản, Tư vấn vay vốn ngân hàng....</description>
     <ror:updatePeriod>monthly</ror:updatePeriod>
     <ror:sortOrder>1</ror:sortOrder>
     <ror:resourceOf>sitemap</ror:resourceOf>
</item>
<item>
     <link>http://sfund.vn/chi-tiet/cac-loai-tai-san-cam-co-the-chap-2.html</link>
     <title>S-Fund | Tài chính thông minh</title>
     <description>rút thẻ tiền mặt, rut the tien mat, rút tiền thẻ tín dụng, rut tien the tin dung, Cho vay cầm cố/thế chấp tài sản online, rút tiền mặt từ thể tín dụng ngân hàng, Tư vấn sử dụng thẻ tín dụng linh hoạt, Tư vấn, môi giới kinh doanh Bất động sản, Tư vấn vay vốn ngân hàng....</description>
     <ror:updatePeriod>monthly</ror:updatePeriod>
     <ror:sortOrder>1</ror:sortOrder>
     <ror:resourceOf>sitemap</ror:resourceOf>
</item>
<item>
     <link>http://sfund.vn/chi-tiet/giao-dich-ngan-hang-rut-tien-mat-tu-the-tin-dung-3.html</link>
     <title>S-Fund | Tài chính thông minh</title>
     <description>rút thẻ tiền mặt, rut the tien mat, rút tiền thẻ tín dụng, rut tien the tin dung, Cho vay cầm cố/thế chấp tài sản online, rút tiền mặt từ thể tín dụng ngân hàng, Tư vấn sử dụng thẻ tín dụng linh hoạt, Tư vấn, môi giới kinh doanh Bất động sản, Tư vấn vay vốn ngân hàng....</description>
     <ror:updatePeriod>monthly</ror:updatePeriod>
     <ror:sortOrder>1</ror:sortOrder>
     <ror:resourceOf>sitemap</ror:resourceOf>
</item>
<item>
     <link>http://sfund.vn/chi-tiet/moi-gioi-nha-dat-tu-van-tai-chinh-4.html</link>
     <title>S-Fund | Tài chính thông minh</title>
     <description>rút thẻ tiền mặt, rut the tien mat, rút tiền thẻ tín dụng, rut tien the tin dung, Cho vay cầm cố/thế chấp tài sản online, rút tiền mặt từ thể tín dụng ngân hàng, Tư vấn sử dụng thẻ tín dụng linh hoạt, Tư vấn, môi giới kinh doanh Bất động sản, Tư vấn vay vốn ngân hàng....</description>
     <ror:updatePeriod>monthly</ror:updatePeriod>
     <ror:sortOrder>1</ror:sortOrder>
     <ror:resourceOf>sitemap</ror:resourceOf>
</item>
<item>
     <link>http://sfund.vn/chi-tiet/xe-may-5.html</link>
     <title>S-Fund | Tài chính thông minh</title>
     <description>rút thẻ tiền mặt, rut the tien mat, rút tiền thẻ tín dụng, rut tien the tin dung, Cho vay cầm cố/thế chấp tài sản online, rút tiền mặt từ thể tín dụng ngân hàng, Tư vấn sử dụng thẻ tín dụng linh hoạt, Tư vấn, môi giới kinh doanh Bất động sản, Tư vấn vay vốn ngân hàng....</description>
     <ror:updatePeriod>monthly</ror:updatePeriod>
     <ror:sortOrder>1</ror:sortOrder>
     <ror:resourceOf>sitemap</ror:resourceOf>
</item>
<item>
     <link>http://sfund.vn/chi-tiet/oto-6.html</link>
     <title>S-Fund | Tài chính thông minh</title>
     <description>rút thẻ tiền mặt, rut the tien mat, rút tiền thẻ tín dụng, rut tien the tin dung, Cho vay cầm cố/thế chấp tài sản online, rút tiền mặt từ thể tín dụng ngân hàng, Tư vấn sử dụng thẻ tín dụng linh hoạt, Tư vấn, môi giới kinh doanh Bất động sản, Tư vấn vay vốn ngân hàng....</description>
     <ror:updatePeriod>monthly</ror:updatePeriod>
     <ror:sortOrder>1</ror:sortOrder>
     <ror:resourceOf>sitemap</ror:resourceOf>
</item>
<item>
     <link>http://sfund.vn/chi-tiet/dien-thoai-may-tinh-bang-ky-thuat-so-7.html</link>
     <title>S-Fund | Tài chính thông minh</title>
     <description>rút thẻ tiền mặt, rut the tien mat, rút tiền thẻ tín dụng, rut tien the tin dung, Cho vay cầm cố/thế chấp tài sản online, rút tiền mặt từ thể tín dụng ngân hàng, Tư vấn sử dụng thẻ tín dụng linh hoạt, Tư vấn, môi giới kinh doanh Bất động sản, Tư vấn vay vốn ngân hàng....</description>
     <ror:updatePeriod>monthly</ror:updatePeriod>
     <ror:sortOrder>1</ror:sortOrder>
     <ror:resourceOf>sitemap</ror:resourceOf>
</item>
<item>
     <link>http://sfund.vn/chi-tiet/vang-bac-da-quy-8.html</link>
     <title>S-Fund | Tài chính thông minh</title>
     <description>rút thẻ tiền mặt, rut the tien mat, rút tiền thẻ tín dụng, rut tien the tin dung, Cho vay cầm cố/thế chấp tài sản online, rút tiền mặt từ thể tín dụng ngân hàng, Tư vấn sử dụng thẻ tín dụng linh hoạt, Tư vấn, môi giới kinh doanh Bất động sản, Tư vấn vay vốn ngân hàng....</description>
     <ror:updatePeriod>monthly</ror:updatePeriod>
     <ror:sortOrder>1</ror:sortOrder>
     <ror:resourceOf>sitemap</ror:resourceOf>
</item>
<item>
     <link>http://sfund.vn/chi-tiet/bat-dong-san-9.html</link>
     <title>S-Fund | Tài chính thông minh</title>
     <description>rút thẻ tiền mặt, rut the tien mat, rút tiền thẻ tín dụng, rut tien the tin dung, Cho vay cầm cố/thế chấp tài sản online, rút tiền mặt từ thể tín dụng ngân hàng, Tư vấn sử dụng thẻ tín dụng linh hoạt, Tư vấn, môi giới kinh doanh Bất động sản, Tư vấn vay vốn ngân hàng....</description>
     <ror:updatePeriod>monthly</ror:updatePeriod>
     <ror:sortOrder>1</ror:sortOrder>
     <ror:resourceOf>sitemap</ror:resourceOf>
</item>
<item>
     <link>http://sfund.vn/chi-tiet/tai-khoan-game-10.html</link>
     <title>S-Fund | Tài chính thông minh</title>
     <description>rút thẻ tiền mặt, rut the tien mat, rút tiền thẻ tín dụng, rut tien the tin dung, Cho vay cầm cố/thế chấp tài sản online, rút tiền mặt từ thể tín dụng ngân hàng, Tư vấn sử dụng thẻ tín dụng linh hoạt, Tư vấn, môi giới kinh doanh Bất động sản, Tư vấn vay vốn ngân hàng....</description>
     <ror:updatePeriod>monthly</ror:updatePeriod>
     <ror:sortOrder>1</ror:sortOrder>
     <ror:resourceOf>sitemap</ror:resourceOf>
</item>
<item>
     <link>http://sfund.vn/tin-tuc-detail/tiet-lo-bi-quyet-giup-1.html</link>
     <title>S-Fund | Tài chính thông minh</title>
     <description>rút thẻ tiền mặt, rut the tien mat, rút tiền thẻ tín dụng, rut tien the tin dung, Cho vay cầm cố/thế chấp tài sản online, rút tiền mặt từ thể tín dụng ngân hàng, Tư vấn sử dụng thẻ tín dụng linh hoạt, Tư vấn, môi giới kinh doanh Bất động sản, Tư vấn vay vốn ngân hàng....</description>
     <ror:updatePeriod>monthly</ror:updatePeriod>
     <ror:sortOrder>1</ror:sortOrder>
     <ror:resourceOf>sitemap</ror:resourceOf>
</item>
<item>
     <link>http://sfund.vn/tin-tuc-detail/ca-the-gioi-ne-phuc-cach-tiet-kiem-cua-nguoi-nhat-2.html</link>
     <title>S-Fund | Tài chính thông minh</title>
     <description>rút thẻ tiền mặt, rut the tien mat, rút tiền thẻ tín dụng, rut tien the tin dung, Cho vay cầm cố/thế chấp tài sản online, rút tiền mặt từ thể tín dụng ngân hàng, Tư vấn sử dụng thẻ tín dụng linh hoạt, Tư vấn, môi giới kinh doanh Bất động sản, Tư vấn vay vốn ngân hàng....</description>
     <ror:updatePeriod>monthly</ror:updatePeriod>
     <ror:sortOrder>1</ror:sortOrder>
     <ror:resourceOf>sitemap</ror:resourceOf>
</item>
<item>
     <link>http://sfund.vn/giao-dich-ngan-hang-rut-tien-mat-the-tin-dung.html</link>
     <title>S-Fund | Tài chính thông minh</title>
     <description>rút thẻ tiền mặt, rut the tien mat, rút tiền thẻ tín dụng, rut tien the tin dung, Cho vay cầm cố/thế chấp tài sản online, rút tiền mặt từ thể tín dụng ngân hàng, Tư vấn sử dụng thẻ tín dụng linh hoạt, Tư vấn, môi giới kinh doanh Bất động sản, Tư vấn vay vốn ngân hàng....</description>
     <ror:updatePeriod>monthly</ror:updatePeriod>
     <ror:sortOrder>1</ror:sortOrder>
     <ror:resourceOf>sitemap</ror:resourceOf>
</item>
<item>
     <link>http://sfund.vn/tin-tuc-detail/he-thong-ho-tro-tai-chinh-sfund-chinh-thuc-khai-truong-chi-nhanh-cong-ty-co-phan-sfund-8.html</link>
     <title>S-Fund | Tài chính thông minh</title>
     <description>rút thẻ tiền mặt, rut the tien mat, rút tiền thẻ tín dụng, rut tien the tin dung, Cho vay cầm cố/thế chấp tài sản online, rút tiền mặt từ thể tín dụng ngân hàng, Tư vấn sử dụng thẻ tín dụng linh hoạt, Tư vấn, môi giới kinh doanh Bất động sản, Tư vấn vay vốn ngân hàng....</description>
     <ror:updatePeriod>monthly</ror:updatePeriod>
     <ror:sortOrder>2</ror:sortOrder>
     <ror:resourceOf>sitemap</ror:resourceOf>
</item>
<item>
     <link>http://sfund.vn/tin-tuc-detail/dich-vu-rut-tien-mat-the-tin-dung-cua-sfund-10.html</link>
     <title>S-Fund | Tài chính thông minh</title>
     <description>rút thẻ tiền mặt, rut the tien mat, rút tiền thẻ tín dụng, rut tien the tin dung, Cho vay cầm cố/thế chấp tài sản online, rút tiền mặt từ thể tín dụng ngân hàng, Tư vấn sử dụng thẻ tín dụng linh hoạt, Tư vấn, môi giới kinh doanh Bất động sản, Tư vấn vay vốn ngân hàng....</description>
     <ror:updatePeriod>monthly</ror:updatePeriod>
     <ror:sortOrder>2</ror:sortOrder>
     <ror:resourceOf>sitemap</ror:resourceOf>
</item>
<item>
     <link>http://sfund.vn/tin-tuc.html&amp;p=2</link>
     <title>S-Fund | Tài chính thông minh</title>
     <description>rút thẻ tiền mặt, rut the tien mat, rút tiền thẻ tín dụng, rut tien the tin dung, Cho vay cầm cố/thế chấp tài sản online, rút tiền mặt từ thể tín dụng ngân hàng, Tư vấn sử dụng thẻ tín dụng linh hoạt, Tư vấn, môi giới kinh doanh Bất động sản, Tư vấn vay vốn ngân hàng....</description>
     <ror:updatePeriod>monthly</ror:updatePeriod>
     <ror:sortOrder>2</ror:sortOrder>
     <ror:resourceOf>sitemap</ror:resourceOf>
</item>
<item>
     <link>http://sfund.vn/tin-tuc.html&amp;p=1</link>
     <title>S-Fund | Tài chính thông minh</title>
     <description>rút thẻ tiền mặt, rut the tien mat, rút tiền thẻ tín dụng, rut tien the tin dung, Cho vay cầm cố/thế chấp tài sản online, rút tiền mặt từ thể tín dụng ngân hàng, Tư vấn sử dụng thẻ tín dụng linh hoạt, Tư vấn, môi giới kinh doanh Bất động sản, Tư vấn vay vốn ngân hàng....</description>
     <ror:updatePeriod>monthly</ror:updatePeriod>
     <ror:sortOrder>3</ror:sortOrder>
     <ror:resourceOf>sitemap</ror:resourceOf>
</item>
</channel>
</rss>
  